{"Detroit": 4.25, "Grand Rapids": 4.916666666666667, "Sterling Heights": 4.666666666666667, "Ann Arbor": 4.333333333333333, "Lansing": 4.0, "Flint": 4.583333333333333, "Dearborn": 4.25, "Livonia": 4.416666666666667, "Troy": 4.5, "Westland": 3.8333333333333335, "Farmington Hills": 4.083333333333333, "Kalamazoo": 4.0, "Rochester Hills": 4.666666666666667, "Southfield": 4.5, "Pontiac": 4.666666666666667, "St. Clair Shores": 4.25, "Royal Oak": 4.166666666666667}