{"Kalamazoo": 4.0, "Livonia": 4, "Pontiac": 5, "Westland": 4, "Farmington Hills": 4.083333333333333, "Troy": 4.5, "Detroit": 4.25, "Lansing": 4, "Sterling Heights": 5, "Ann Arbor": 4.333333333333333, "Grand Rapids": 4.916666666666667, "Flint": 5, "Rochester Hills": 5, "St. Clair Shores": 4.25, "Dearborn": 5, "Southfield": 4.5, "Royal Oak": 4.166666666666667}